"시도별","연령계층별",2022.01,2022.02,2022.03,2022.04,2022.05,2022.06,2022.07,2022.08,2022.09,2022.10,2022.11,2022.12
"계","계",26953,27402,27754,28078,28485,28478,28475,28410,28389,28418,28421,27808
"계","15 - 19세",195,202,172,171,208,183,193,191,163,149,153,163
"계","20 - 29세",3769,3776,3824,3847,3897,3881,3884,3844,3805,3799,3762,3729
"계","30 - 39세",5267,5278,5281,5296,5297,5286,5311,5298,5339,5313,5336,5335
"계","40 - 49세",6269,6297,6312,6315,6363,6347,6337,6325,6310,6316,6316,6256
"계","50 - 59세",6449,6491,6579,6617,6686,6690,6658,6637,6650,6658,6664,6640
"계","60세이상",5005,5359,5587,5832,6035,6092,6091,6115,6123,6182,6189,5685
"계","15 - 64세",24358,24488,24642,24810,25090,25044,25025,24935,24922,24913,24921,24741
"계","15 - 24세",1415,1438,1421,1452,1504,1480,1514,1479,1416,1379,1355,1355
"계","15 - 29세",3963,3978,3996,4018,4104,4064,4077,4035,3967,3948,3915,3892
"서울특별시","계",5026,5075,5078,5120,5145,5137,5142,5127,5130,5107,5139,5135
"서울특별시","15 - 19세",35,36,31,36,37,28,33,31,31,24,28,35
"서울특별시","20 - 29세",880,877,873,877,875,871,867,873,860,843,837,839
"서울특별시","30 - 39세",1157,1158,1158,1159,1156,1158,1161,1153,1152,1166,1173,1172
"서울특별시","40 - 49세",1113,1113,1113,1109,1120,1120,1112,1112,1111,1107,1121,1116
"서울특별시","50 - 59세",1082,1090,1104,1119,1121,1120,1121,1110,1115,1101,1105,1115
"서울특별시","60세이상",762,802,798,820,836,841,848,848,861,866,876,858
"서울특별시","15 - 64세",4649,4666,4655,4697,4720,4703,4703,4685,4681,4654,4680,4691
"서울특별시","15 - 24세",270,273,277,294,297,284,305,310,294,268,268,275
"서울특별시","15 - 29세",914,913,905,913,912,899,900,904,890,867,865,874
"부산광역시","계",1624,1659,1655,1664,1691,1687,1689,1703,1697,1691,1696,1689
"부산광역시","15 - 19세",7,8,6,7,9,10,10,8,10,10,7,9
"부산광역시","20 - 29세",207,208,204,210,214,214,219,218,220,215,210,215
"부산광역시","30 - 39세",302,301,295,296,296,294,294,293,297,297,305,308
"부산광역시","40 - 49세",371,379,378,370,373,371,368,372,367,370,366,365
"부산광역시","50 - 59세",399,397,397,396,406,406,402,403,401,398,401,400
"부산광역시","60세이상",338,366,376,385,394,393,397,409,402,401,407,392
"부산광역시","15 - 64세",1451,1462,1446,1449,1479,1472,1474,1481,1476,1471,1473,1479
"부산광역시","15 - 24세",69,74,71,74,82,81,86,80,81,77,71,74
"부산광역시","15 - 29세",214,216,210,217,223,224,229,227,230,225,217,224
"대구광역시","계",1205,1214,1226,1226,1241,1231,1241,1238,1238,1234,1230,1213
"대구광역시","15 - 19세",6,9,9,9,9,6,5,5,5,6,6,8
"대구광역시","20 - 29세",162,160,156,151,150,148,159,159,151,155,151,149
"대구광역시","30 - 39세",228,222,221,224,222,217,214,215,219,213,214,213
"대구광역시","40 - 49세",279,280,279,279,285,283,285,284,282,284,282,282
"대구광역시","50 - 59세",314,319,327,324,329,327,324,322,316,314,315,314
"대구광역시","60세이상",217,226,234,238,247,251,254,255,264,262,262,246
"대구광역시","15 - 64세",1101,1101,1107,1103,1112,1103,1111,1108,1103,1098,1093,1094
"대구광역시","15 - 24세",61,66,67,62,61,59,64,63,59,61,57,61
"대구광역시","15 - 29세",169,169,165,160,159,154,164,163,157,161,157,158
"인천광역시","계",1528,1576,1581,1590,1620,1632,1639,1634,1643,1645,1655,1622
"인천광역시","15 - 19세",10,11,8,6,9,11,10,9,11,9,9,10
"인천광역시","20 - 29세",218,226,231,237,239,237,246,243,241,240,237,232
"인천광역시","30 - 39세",304,306,303,305,311,314,315,314,319,316,312,315
"인천광역시","40 - 49세",365,367,366,366,374,379,378,376,374,379,383,384
"인천광역시","50 - 59세",382,394,399,394,397,393,390,390,394,390,391,389
"인천광역시","60세이상",248,271,273,281,290,298,300,303,305,312,323,294
"인천광역시","15 - 64세",1425,1447,1450,1454,1480,1488,1489,1484,1491,1487,1496,1490
"인천광역시","15 - 24세",84,85,81,84,87,91,96,93,88,84,81,79
"인천광역시","15 - 29세",229,237,239,244,248,248,256,252,251,249,247,241
"광주광역시","계",730,740,750,744,752,750,754,754,755,762,764,745
"광주광역시","15 - 19세",6,7,7,6,6,8,6,5,4,5,5,5
"광주광역시","20 - 29세",100,99,104,100,103,100,100,100,99,99,100,100
"광주광역시","30 - 39세",132,135,133,131,131,133,137,139,138,137,140,140
"광주광역시","40 - 49세",189,188,189,185,184,184,185,185,185,188,188,186
"광주광역시","50 - 59세",186,185,188,189,188,188,188,186,188,191,190,191
"광주광역시","60세이상",117,127,129,133,140,138,138,139,140,142,141,124
"광주광역시","15 - 64세",669,668,678,669,675,676,680,678,680,685,686,683
"광주광역시","15 - 24세",36,35,41,39,38,39,36,35,36,37,37,35
"광주광역시","15 - 29세",107,105,111,106,109,108,106,105,103,103,106,104
"대전광역시","계",780,786,785,787,793,787,793,801,798,807,804,802
"대전광역시","15 - 19세",4,6,5,5,7,6,8,8,5,5,6,6
"대전광역시","20 - 29세",133,132,132,134,129,127,134,136,133,135,133,128
"대전광역시","30 - 39세",154,154,153,152,152,149,151,153,153,157,157,161
"대전광역시","40 - 49세",180,176,174,174,177,176,174,176,178,176,176,179
"대전광역시","50 - 59세",182,183,182,182,183,184,181,181,180,183,182,181
"대전광역시","60세이상",126,135,140,141,146,145,145,147,149,151,151,148
"대전광역시","15 - 64세",719,717,714,714,716,708,717,722,718,728,726,727
"대전광역시","15 - 24세",54,53,51,53,51,47,53,54,48,51,50,45
"대전광역시","15 - 29세",138,138,137,139,136,133,142,144,138,140,139,134
"울산광역시","계",548,547,557,561,573,572,572,573,572,573,576,564
"울산광역시","15 - 19세",4,3,3,3,3,2,2,0,1,1,2,3
"울산광역시","20 - 29세",62,63,65,66,68,66,66,66,66,65,68,66
"울산광역시","30 - 39세",112,109,107,108,109,107,106,106,106,105,105,106
"울산광역시","40 - 49세",136,134,138,137,137,139,141,138,139,142,141,140
"울산광역시","50 - 59세",150,150,151,150,154,152,154,154,153,153,152,151
"울산광역시","60세이상",84,89,94,98,104,106,104,108,107,107,108,98
"울산광역시","15 - 64세",510,504,511,513,521,518,521,518,519,520,522,519
"울산광역시","15 - 24세",22,23,25,26,27,25,26,24,23,23,26,26
"울산광역시","15 - 29세",67,66,67,69,71,68,68,67,67,66,70,69
"세종특별자치시","계",180,186,194,196,201,201,201,202,202,202,204,201
"세종특별자치시","15 - 19세",1,1,1,1,1,1,1,1,1,1,1,1
"세종특별자치시","20 - 29세",18,19,21,21,22,23,22,23,21,20,22,22
"세종특별자치시","30 - 39세",47,47,49,48,49,49,49,49,50,50,50,51
"세종특별자치시","40 - 49세",58,59,60,60,61,62,62,61,62,62,62,61
"세종특별자치시","50 - 59세",36,37,38,39,40,39,39,40,40,41,41,41
"세종특별자치시","60세이상",21,23,26,27,28,29,27,28,29,29,28,25
"세종특별자치시","15 - 64세",170,175,180,181,185,185,186,186,186,186,188,187
"세종특별자치시","15 - 24세",6,7,7,8,8,9,9,10,7,6,7,6
"세종특별자치시","15 - 29세",19,20,22,22,23,23,23,24,22,21,23,22
"경기도","계",7287,7408,7483,7601,7737,7755,7733,7682,7665,7658,7630,7529
"경기도","15 - 19세",74,79,60,55,74,61,64,66,52,48,47,47
"경기도","20 - 29세",1056,1069,1089,1097,1129,1139,1112,1092,1078,1076,1074,1063
"경기도","30 - 39세",1527,1544,1549,1548,1543,1538,1543,1547,1560,1533,1537,1544
"경기도","40 - 49세",1788,1801,1814,1837,1844,1836,1838,1822,1818,1811,1791,1762
"경기도","50 - 59세",1744,1757,1772,1787,1805,1813,1806,1799,1803,1812,1817,1815
"경기도","60세이상",1099,1159,1199,1277,1342,1368,1370,1357,1355,1378,1366,1298
"경기도","15 - 64세",6776,6853,6891,6960,7047,7051,7023,6979,6971,6952,6928,6880
"경기도","15 - 24세",433,445,423,431,451,450,435,419,404,394,392,395
"경기도","15 - 29세",1129,1148,1149,1152,1203,1201,1177,1158,1130,1125,1120,1109
"강원도","계",724,773,796,826,843,845,849,847,849,847,841,773
"강원도","15 - 19세",3,2,2,1,2,2,4,3,2,2,1,2
"강원도","20 - 29세",86,86,86,87,89,89,90,91,90,90,87,91
"강원도","30 - 39세",119,119,119,117,118,118,118,116,119,117,117,116
"강원도","40 - 49세",164,164,165,170,171,168,170,167,169,168,170,165
"강원도","50 - 59세",188,188,192,199,204,204,202,203,203,203,201,193
"강원도","60세이상",165,213,232,252,259,264,266,267,267,267,265,205
"강원도","15 - 64세",642,645,654,670,681,680,680,675,679,680,675,659
"강원도","15 - 24세",32,31,27,27,29,29,32,35,31,31,31,34
"강원도","15 - 29세",89,88,88,88,92,91,94,94,92,92,88,94
"충청북도","계",879,892,918,928,942,948,939,941,935,942,941,906
"충청북도","15 - 19세",7,6,6,5,6,4,7,7,5,4,8,6
"충청북도","20 - 29세",125,124,133,130,132,133,132,131,123,129,129,120
"충청북도","30 - 39세",150,152,152,156,154,157,158,157,156,155,155,156
"충청북도","40 - 49세",189,191,190,189,188,189,188,189,191,190,191,188
"충청북도","50 - 59세",214,212,216,216,219,220,215,217,216,218,216,214
"충청북도","60세이상",194,207,221,233,243,246,239,241,245,245,241,222
"충청북도","15 - 64세",782,783,796,797,804,808,804,803,793,800,802,781
"충청북도","15 - 24세",48,45,45,43,50,50,53,49,42,46,48,40
"충청북도","15 - 29세",132,130,139,135,138,137,139,137,128,133,138,127
"충청남도","계",1123,1130,1197,1221,1249,1251,1264,1268,1271,1283,1267,1185
"충청남도","15 - 19세",10,10,10,9,9,8,11,10,6,7,5,6
"충청남도","20 - 29세",141,148,157,155,155,153,159,156,151,153,153,156
"충청남도","30 - 39세",217,212,216,218,219,222,226,227,233,235,233,229
"충청남도","40 - 49세",265,262,260,257,258,258,257,257,261,266,262,256
"충청남도","50 - 59세",251,254,267,270,274,275,276,278,278,278,275,265
"충청남도","60세이상",239,245,288,311,335,337,336,341,341,345,340,274
"충청남도","15 - 64세",985,986,1015,1023,1036,1036,1052,1051,1052,1065,1055,1023
"충청남도","15 - 24세",55,58,59,57,55,53,61,57,53,52,49,52
"충청남도","15 - 29세",151,157,167,164,163,160,170,166,157,160,157,161
"전라북도","계",923,933,947,976,991,990,1005,984,985,985,981,918
"전라북도","15 - 19세",4,4,4,6,6,7,8,8,7,6,5,3
"전라북도","20 - 29세",108,100,100,101,107,104,109,105,107,104,101,100
"전라북도","30 - 39세",135,131,128,133,136,136,141,141,143,143,144,140
"전라북도","40 - 49세",207,208,211,210,209,208,204,201,201,202,202,202
"전라북도","50 - 59세",219,221,223,230,227,229,228,224,224,227,228,225
"전라북도","60세이상",250,270,281,297,305,307,315,306,304,304,301,248
"전라북도","15 - 64세",765,758,762,777,788,786,795,778,780,777,775,759
"전라북도","15 - 24세",44,42,42,44,48,48,50,48,47,43,40,40
"전라북도","15 - 29세",112,104,105,107,114,111,116,113,113,110,106,103
"전라남도","계",964,985,994,1013,1037,1021,1011,1021,1030,1026,1034,989
"전라남도","15 - 19세",5,5,3,4,6,5,6,6,5,5,5,5
"전라남도","20 - 29세",90,87,89,93,95,90,86,88,89,89,92,83
"전라남도","30 - 39세",131,130,130,130,130,129,131,130,134,131,133,131
"전라남도","40 - 49세",201,201,201,202,205,202,198,199,198,199,198,195
"전라남도","50 - 59세",238,241,241,242,250,248,243,248,253,253,252,251
"전라남도","60세이상",298,321,331,342,351,348,347,350,352,350,354,324
"전라남도","15 - 64세",767,769,772,780,798,784,772,783,790,789,797,780
"전라남도","15 - 24세",42,40,41,46,48,45,43,44,41,40,41,35
"전라남도","15 - 29세",95,93,91,97,100,94,92,94,94,94,97,88
"경상북도","계",1369,1399,1446,1471,1505,1501,1489,1491,1476,1493,1484,1416
"경상북도","15 - 19세",4,5,5,6,11,10,8,8,7,7,5,6
"경상북도","20 - 29세",159,153,152,157,163,161,157,151,153,159,144,148
"경상북도","30 - 39세",210,211,221,219,221,216,212,213,213,208,212,208
"경상북도","40 - 49세",280,282,286,287,291,291,293,297,291,294,298,291
"경상북도","50 - 59세",336,340,344,348,354,356,355,351,351,354,352,351
"경상북도","60세이상",380,407,438,454,466,468,464,470,462,470,474,412
"경상북도","15 - 64세",1143,1143,1170,1185,1208,1201,1186,1185,1178,1188,1179,1165
"경상북도","15 - 24세",62,63,60,68,73,68,67,64,64,66,53,59
"경상북도","15 - 29세",163,158,158,163,174,170,165,159,160,167,149,154
"경상남도","계",1674,1709,1750,1763,1768,1767,1753,1741,1740,1748,1760,1713
"경상남도","15 - 19세",10,7,10,9,11,13,9,11,7,6,7,10
"경상남도","20 - 29세",177,181,188,187,183,182,180,165,175,176,176,170
"경상남도","30 - 39세",274,278,276,283,281,278,283,277,279,279,278,274
"경상남도","40 - 49세",390,400,393,389,391,388,390,394,390,384,391,388
"경상남도","50 - 59세",440,434,449,443,445,447,441,439,443,448,453,450
"경상남도","60세이상",384,410,434,452,456,460,450,455,446,455,455,422
"경상남도","15 - 64세",1462,1474,1503,1503,1503,1499,1486,1473,1478,1478,1492,1474
"경상남도","15 - 24세",74,75,81,76,76,78,75,73,71,75,77,76
"경상남도","15 - 29세",187,188,198,195,194,195,189,176,181,182,183,180
"제주도","계",389,392,397,393,395,402,401,405,406,416,416,408
"제주도","15 - 19세",5,4,4,4,4,4,4,5,5,5,5,3
"제주도","20 - 29세",45,45,43,43,44,46,46,48,50,50,50,48
"제주도","30 - 39세",69,70,70,70,70,71,71,70,71,72,71,71
"제주도","40 - 49세",95,94,96,93,93,96,95,95,94,96,96,96
"제주도","50 - 59세",91,90,91,90,91,92,94,93,93,95,96,94
"제주도","60세이상",85,89,94,94,93,94,92,94,94,98,98,96
"제주도","15 - 64세",341,337,340,336,338,345,345,347,348,356,355,350
"제주도","15 - 24세",23,23,23,22,23,24,23,24,26,26,27,24
"제주도","15 - 29세",50,49,47,47,48,50,50,53,55,55,55,51
